model_format,Key,Item Type,Publication Year,Author,Title,Publication Title,DOI,Url,reporting_guidelines_mention,covid,sim_software,foss_sim,model_archive,model_repo,model_journal_supp,model_personal_org,model_platform,Available_on_Req,github_url,DOI,ORCID,license,readme,repo_desc,link_to_paper,steps_run,formal_dep_mgt,informal_dep_mgt,dep_mgt_details,evidence_testing,downloadable,interactive_online,Notes
CODE,WMJMEPPR,journalArticle,2021,"Graves, J.; Garbett, S.; Zhou, Z.; Schildcrout, J.S.; Peterson, J.",Comparison of Decision Modeling Approaches for Health Technology and Policy Evaluation,Medical Decision Making,10.1177/0272989X21995805,https://www.scopus.com/inward/record.uri?eid=2-s2.0-85102768601&doi=10.1177%2f0272989X21995805&partnerID=40&md5=b07bf1a3ab0433a897dc9c09b1307268,None,0,R,1,,,PDF,,,,,1,1,Unknown,1,N/A,N/A,0,0,0,0,0,1,0,The code appears to be embeeded in a LaTeX produced PDf. License unclear.  MDM say all papers available under a CC license.  Possibly CC-BY?.  Supp on Fighare with a DOI - DOI is not clear unless you go to figshare and search for the file name!
CODE,WPD3VGWT,journalArticle,2021,"Kim, L.G.; Sweeting, M.J.; Armer, M.; Jacomelli, J.; Nasim, A.; Harrison, S.C.",Modelling the impact of changes to abdominal aortic aneurysm screening and treatment services in England during the COVID-19 pandemic,PLoS ONE,10.1371/journal.pone.0253327,https://www.scopus.com/inward/record.uri?eid=2-s2.0-85107921726&doi=10.1371%2fjournal.pone.0253327&partnerID=40&md5=43021113a0f3be39693af221b9908ebc,None,1,R,1,,GitHub,,,,,https://github.com/mikesweeting/AAA_DES_model,0,0,GPL-3,1,1,1,0,0,0,,0,1,0,References another paper where the model was developed.  This reference does not included reporting guidelines. 
CODE,U9BBBXNT,conferencePaper,2021,"Bartz-Beielstein, T.; Dröscher, M.; Gür, A.; Hinterleitner, A.; Mersmann, O.; Peeva, D.; Reese, L.; Rehbach, N.; Rehbach, F.; Sen, A.; Subbotin, A.; Zaefferer, M.",Resource planning for hospitals under special consideration of the COVID-19 pandemic: Optimization and sensitivity analysis,GECCO 2021 Companion - Proceedings of the 2021 Genetic and Evolutionary Computation Conference Companion,10.1145/3449726.3459473,https://www.scopus.com/inward/record.uri?eid=2-s2.0-85111014042&doi=10.1145%2f3449726.3459473&partnerID=40&md5=c14776ebb61ab3882f9a4fa061ec6c60,None,1,R Simmer,1,,,,,CRAN,,,0,0,GPL-3,1,N/A,0,1,1,0,speicifed on CRAN,0,1,0,Detailed cRAN package manual
CODE,2BN8M9ER,journalArticle,2021,"Albuquerque de Almeida, F.; Corro Ramos, I.; Rutten-van Mölken, M.; Al, M.",Modeling Early Warning Systems: Construction and Validation of a Discrete Event Simulation Model for Heart Failure,Value in Health,10.1016/j.jval.2021.04.004,https://www.scopus.com/inward/record.uri?eid=2-s2.0-85107070735&doi=10.1016%2fj.jval.2021.04.004&partnerID=40&md5=e743db4d121ec51ae93aaa191dd362fa,None,0,R,1,,GitHub,,,,,https://github.com/fernandoalbuquerquealmeida/EWS_HF_DES_model,0,0,None,0,0,0,0,0,0,0,0,1,0,"7 commits - these were just an upload, individual deletions of files and re-upload. (Not used as version control)"
CODE,LYPT7TSE,journalArticle,2021,"Kim, J.; Lim, H.; Ahn, J.-H.; Lee, K.H.; Lee, K.S.; Koo, K.C.",Optimal triage for covid-19 patients under limited health care resources with a parsimonious machine learning prediction model and threshold optimization using discrete-event simulation: Development study,JMIR Medical Informatics,10.2196/32726,https://www.scopus.com/inward/record.uri?eid=2-s2.0-85118935480&doi=10.2196%2f32726&partnerID=40&md5=b701ac6e84e729b50c83fc73a64f7a38,None,1,R Simmer,1,,GitHub,,,,,https://github.com/minkim88/Optimal-Triage-COVID-19,0,0,None,1,0,0,0,0,1,Notes on libraries used.  No version numbered,0,1,0,
CODE,DARBL4M7,journalArticle,2021,"Skarda, I.; Asaria, M.; Cookson, R.",LifeSim: A Lifecourse Dynamic Microsimulation Model of the Millennium Birth Cohort in England,International Journal of Microsimulation,10.34196/ijm.00228,https://www.scopus.com/inward/record.uri?eid=2-s2.0-85123542603&doi=10.34196%2fijm.00228&partnerID=40&md5=239cfda251b11d98d8e5e1dc82a927f5,None,0,R,1,,GitHub,,,,,https://github.com/ievask/lifesim-simulator,0,0,MIT,1,1,0,1,0,0,,0,1,0,MIT license on GitHub.
CODE,NCXN3267,conferencePaper,2021,"Bartz-Beielstein, T.; Dröscher, M.; Gür, A.; Hinterleitner, A.; Lawton, T.; Mersmann, O.; Peeva, D.; Reese, L.; Rehbach, N.; Rehbach, F.; Sen, A.; Subbotin, A.; Zaefferer, M.",Optimization and Adaptation of a Resource Planning Tool for Hospitals Under Special Consideration of the COVID-19 Pandemic,"2021 IEEE Congress on Evolutionary Computation, CEC 2021 - Proceedings",10.1109/CEC45853.2021.9504732,https://www.scopus.com/inward/record.uri?eid=2-s2.0-85124619395&doi=10.1109%2fCEC45853.2021.9504732&partnerID=40&md5=ca623133f183d189c77aa81909a9fd22,None,1,R Simmer,1,,,,,CRAN,,,0,0,GPL-3,1,N/A,0,1,1,0,speicifed on CRAN,0,1,0,Detailed cRAN package manual https://cran.r-project.org/web/packages/babsim.hospital/index.html
CODE,U9KXTM6D,journalArticle,2021,"Johnson, K.M.; Sadatsafavi, M.; Adibi, A.; Lynd, L.; Harrison, M.; Tavakoli, H.; Sin, D.D.; Bryan, S.",Cost Effectiveness of Case Detection Strategies for the Early Detection of COPD,Applied Health Economics and Health Policy,10.1007/s40258-020-00616-2,https://www.scopus.com/inward/record.uri?eid=2-s2.0-85094844960&doi=10.1007%2fs40258-020-00616-2&partnerID=40&md5=1261e95f61d1970ce7b1b17530fb7933,None,0,R,1,,Github,,,,,https://github.com/resplab/epicR,0,0,None,1,0,1,1,1,1,roxygen auto generated DESCRIPTION file,1,1,0,Cites a paper where the model was developed and validated. Good quality github repo https://github.com/resplab/epicR No License in repo
CODE,ZPTLP6VG,journalArticle,2020,"Lim, C.Y.; Bohn, M.K.; Lippi, G.; Ferrari, M.; Loh, T.P.; Yuen, K.-Y.; Adeli, K.; Horvath, A.R.; for the IFCC Task Force on COVID-19","Staff rostering, split team arrangement, social distancing (physical distancing) and use of personal protective equipment to minimize risk of workplace transmission during the COVID-19 pandemic: A simulation study",Clinical Biochemistry,10.1016/j.clinbiochem.2020.09.003,https://www.scopus.com/inward/record.uri?eid=2-s2.0-85091246681&doi=10.1016%2fj.clinbiochem.2020.09.003&partnerID=40&md5=4a221a915893eee58e22afd86f3427c2,None,1,Python,1,,,Word doc,,,,,0,0,None,0,N/A,N/A,0,0,0,,,1,0,Python code pasted into a word document
CODE,CMPZ94KD,journalArticle,2019,"Degeling, K.; Koffijberg, H.; Franken, M.D.; Koopman, M.; IJzerman, M.J.",Comparing Strategies for Modeling Competing Risks in Discrete-Event Simulations: A Simulation Study and Illustration in Colorectal Cancer,Medical Decision Making,10.1177/0272989X18814770,https://www.scopus.com/inward/record.uri?eid=2-s2.0-85059263215&doi=10.1177%2f0272989X18814770&partnerID=40&md5=54080c8d09e4d47814209f4e598d365c,None,0,R,1,,,,personex,,,,0,0,None,1,N/A,1,0,0,0,,0,1,0,https://personex.nl/research/competing-risks/
CODE,PC3B6KUG,book,2019,"Pawar, S.; Stanam, A.",Developing a DEVS-JAVA Model to Simulate and Pre-test Changes to Emergency Care Delivery in a Safe and Efficient Manner,,,https://www.scopus.com/inward/record.uri?eid=2-s2.0-85065707983&doi=10.1007%2f978-3-030-17935-9_1&partnerID=40&md5=d284f88a8042b24cf48b4b6f6d6cf2da,None,0,DEVS Java,1,,GitHub,,,,,https://github.com/spawar2/Devs_Java_Patient_Flow_SimulationinEMS,0,0,None,0,0,1,0,0,0,,0,1,0,No license
CODE,IE8QBEKP,journalArticle,2019,"Huang, S.; Maingard, J.; Kok, H.K.; Barras, C.D.; Thijs, V.; Chandra, R.V.; Brooks, D.M.; Asadi, H.","Optimizing resources for endovascular clot retrieval for acute ischemic stroke, a discrete event simulation",Frontiers in Neurology,10.3389/fneur.2019.00653,https://www.scopus.com/inward/record.uri?eid=2-s2.0-85069230443&doi=10.3389%2ffneur.2019.00653&partnerID=40&md5=4d03fe6624ef2268a809843e6fedd860,None,0,R Simmer,1,,GitHub,,,,Data on request,https://github.com/shiweih/desECR,0,0,GPL-3,0,0,0,0,0,0,,,1,0,GNU General Pulbic License
CODE,CX99PLQI,journalArticle,2019,"Sadatsafavi, M.; Ghanbarian, S.; Adibi, A.; Johnson, K.; FitzGerald, J.M.; Flanagan, W.; Bryan, S.; Sin, D.; for the Canadian Respiratory Research Network",Development and Validation of the Evaluation Platform in COPD (EPIC): A Population-Based Outcomes Model of COPD for Canada,Medical Decision Making,10.1177/0272989X18824098,https://www.scopus.com/inward/record.uri?eid=2-s2.0-85060691160&doi=10.1177%2f0272989X18824098&partnerID=40&md5=bf9719c321970f31a3d7a4492d10475b,ISPOR,0,R,1,,GitHub,,https://resp.core.ubc.ca/research/Specific_Projects/EPIC,,,https://github.com/resplab/epicR,0,0,None,1,0,1,1,1,1,roxygen auto generated DESCRIPTION file,1,1,0,
CODE,6IDKLR7A,journalArticle,2022,"Adamson, B.J.S.; Ma, X.; Griffith, S.D.; Sweeney, E.M.; Sarkar, S.; Bourla, A.B.",Differential frequency in imaging-based outcome measurement: Bias in real-world oncology comparative-effectiveness studies,Pharmacoepidemiology and Drug Safety,10.1002/pds.5323,https://www.scopus.com/inward/record.uri?eid=2-s2.0-85110664844&doi=10.1002%2fpds.5323&partnerID=40&md5=36b4e9b30080826c3b7d76a8ae5f4ed5,None,0,R,1,,,R model in word file,,,,,0,1,CC-BY-NC 4.0,0,N/A,N/A,0,0,0,,,1,0,
CODE,TF38PATL,journalArticle,2022,"Shoaib, M.; Ramamohan, V.",Simulation modeling and analysis of primary health center operations,Simulation,10.1177/00375497211030931,https://www.scopus.com/inward/record.uri?eid=2-s2.0-85110968965&doi=10.1177%2f00375497211030931&partnerID=40&md5=5366c1294fc14d7b876d27fc126efb96,None,0,Salabim,1,,GitHub,,,,,https://github.com/shoaibiocl/PHC-,0,0,None,1,0,0,0,0,0,,,1,0,Readme is empty of detail
CODE,87I4CTHK,journalArticle,2022,"de Almeida, F.A.; Ramos, I.C.; Al, M.; Mölken, M.R.-V.",Home Telemonitoring and a Diagnostic Algorithm in the Management of Heart Failure in the Netherlands: Cost-effectiveness Analysis,JMIR Cardio,10.2196/31302,https://www.scopus.com/inward/record.uri?eid=2-s2.0-85136904830&doi=10.2196%2f31302&partnerID=40&md5=25204bc2465997059e10c592a837a1de,ISPOR,0,R,1,,GitHub,,,,,https://github.com/fernandoalbuquerquealmeida/EWS_HF_DES_model,0,0,None,0,0,0,0,0,0,,0,1,0,This paper doesn't actually report software or guidelines - had to look in previous reported use of the model to find that its in R/github/ispor.
CODE,EJVSVRKL,journalArticle,2020,"Corro Ramos, I.; Hoogendoorn, M.; Rutten-van Mölken, M.P.M.H.",How to Address Uncertainty in Health Economic Discrete-Event Simulation Models: An Illustration for Chronic Obstructive Pulmonary Disease,Medical Decision Making,10.1177/0272989X20932145,https://www.scopus.com/inward/record.uri?eid=2-s2.0-85087298729&doi=10.1177%2f0272989X20932145&partnerID=40&md5=a38c1d3b854b3220d7916ad8a2495d6b,None,0,R,1,,GitHub,,,,,https://github.com/icorroramos/PLDES_COPD_model,0,0,None,1,0,1,0,0,0,,0,1,0,"Also included psuedo code in suppl online appendix. No steps to run, but code is well documented - tutorial version."
CODE,R4ZLYWPP,journalArticle,2020,"Allen, M.; Bhanji, A.; Willemsen, J.; Dudfield, S.; Logan, S.; Monks, T.",A simulation modelling toolkit for organising outpatient dialysis services during the COVID- 19 pandemic,PLoS ONE,10.1371/journal.pone.0237628,https://www.scopus.com/inward/record.uri?eid=2-s2.0-85089467249&doi=10.1371%2fjournal.pone.0237628&partnerID=40&md5=3356083ab8078c086aa4e9feb9aa805e,STRESS,1,SimPy,1,Zenodo,GitHub,,,BinderHub,,https://git.exeter.ac.uk/tmwm201/dialysis-service-delivery-covid19,1,0,MIT,1,0,0,1,1,0,conda .yml,1,1,1,
CODE,AU4JP2FJ,journalArticle,2020,"Wood, R.M.; McWilliams, C.J.; Thomas, M.J.; Bourdeaux, C.P.; Vasilakis, C.",COVID-19 scenario modelling for the mitigation of capacity-dependent deaths in intensive care,Health Care Management Science,10.1007/s10729-020-09511-7,https://www.scopus.com/inward/record.uri?eid=2-s2.0-85087719867&doi=10.1007%2fs10729-020-09511-7&partnerID=40&md5=d7597ab7c8db3147958966a583199180,STRESS,1,R,1,,GitHub,,,,,https://github.com/nhs-bnssg-analytics/covid-simr-hospital-application,0,0,None,1,1,0,0,0,0,,0,1,0,
CODE,YFFHMPNZ,journalArticle,2022,"Moss, Simon J.; Vasilakis, Christos; Wood, Richard M.",Exploring financially sustainable initiatives to address out-of-area placements in psychiatric ICUs: a computer simulation study.,"Journal of mental health (Abingdon, England)",10.1080/09638237.2022.2091769,,None,0,PathSimR,1,,GitHub,,,,,https://github.com/nhs-bnssg-analytics/PathSimR,0,0,Apache,1,1,0,1,0,0,"Partially open. Links to the code of the simulation tool, but the repo does not contain the code for the psyh ICU application. Note: License is not in the main branch.",0,1,0,https://github.com/nhs-bnssg-analytics/PathSimR.  Assume this is one of the 4 case studies in repo.
CODE,K8NRH5KS,journalArticle,2022,"Majer, Istvan; Kroep, Sonja; Maroun, Rana; Williams, Claire; Klijn, Sven; Palmer, Stephen",Estimating and Extrapolating Survival Using a State-Transition Modeling Approach: A Practical Application in Multiple Myeloma.,Value in health : the journal of the International Society for Pharmacoeconomics and Outcomes Research,10.1016/j.jval.2021.09.011,,ISPOR,0,R,1,,,Word doc,,,,,0,0,CC BY-NC-ND 4.0,0,N/A,N/A,0,0,0,,,1,0,No derivatives license for the model
CODE,NBERVZ4U,journalArticle,2021,"Chalk, Daniel; Robbins, Sara; Kandasamy, Rohan; Rush, Kate; Aggarwal, Ajay; Sullivan, Richard; Chamberlain, Charlotte",Modelling palliative and end-of-life resource requirements during COVID-19: implications for quality care.,BMJ open,10.1136/bmjopen-2020-043795,,None,1,SimPy,1,,,,,Google Colab,,,0,0,CC BY-NC-SA 4.0,1,N/A,0,1,1,0,Google colab preinstalled env,0,1,1,
CODE,396G5VQL,journalArticle,2022,"Degeling, Koen; IJzerman, Maarten J.; Groothuis-Oudshoorn, Catharina G. M.; Franken, Mira D.; Koopman, Miriam; Clements, Mark S.; Koffijberg, Hendrik",Comparing Modeling Approaches for Discrete Event Simulations With Competing Risks Based on Censored Individual Patient Data: A Simulation Study and Illustration in Colorectal Cancer.,Value in health : the journal of the International Society for Pharmacoeconomics and Outcomes Research,10.1016/j.jval.2021.07.016,,ISPOR,0,R,1,,GitHub,,Personex ,,,https://github.com/koendegeling/DES_CompetingEvents,0,0,None,0,0,0,0,0,0,,0,1,0,"The code is stored in Guthub, but the paper links to the personex website. https://personex.nl/research/competing-risks/"
CODE,BUFAVEM3,journalArticle,2020,"Degeling, Koen; Wong, Hui-Li; Koffijberg, Hendrik; Jalali, Azim; Shapiro, Jeremy; Kosmider, Suzanne; Wong, Rachel; Lee, Belinda; Burge, Matthew; Tie, Jeanne; Yip, Desmond; Nott, Louise; Khattak, Adnan; Lim, Stephanie; Caird, Susan; Gibbs, Peter; IJzerman, Maarten",Simulating Progression-Free and Overall Survival for First-Line Doublet Chemotherapy With or Without Bevacizumab in Metastatic Colorectal Cancer Patients Based on Real-World Registry Data.,PharmacoEconomics,10.1007/s40273-020-00951-1,,None,0,R,1,,,,Personex ,R Shiney,,,0,0,None,1,N/A,0,1,0,1,,0,1,1,The Shiney model worked when tested (dummy data). Rmarkdown used for code and instructions
CODE,KHQWDFJT,journalArticle,2019,"Hoyer, Annika; Kaufmann, Sophie; Brinks, Ralph",Risk factors in the illness-death model: Simulation study and the partial differential equation about incidence and prevalence.,PloS one,10.1371/journal.pone.0226554,,None,0,R,1,,,r script,,,,,1,1,CC-BY 4.0,1,1,N/A,0,0,0,,0,1,0,
CODE,DXIBPWGP,journalArticle,2021,"Stapelberg, N.J.C.; Smoll, N.R.; Randall, M.; Palipana, D.; Bui, B.; Macartney, K.; Khandaker, G.; Wattiaux, A.","A discrete-event, simulated social agent- based network transmission (DESSABNeT) model for communicable diseases: Method and validation using SARS-CoV-2 data in three large Australian cities",PLoS ONE,10.1371/journal.pone.0251737,https://www.scopus.com/inward/record.uri?eid=2-s2.0-85106365981&doi=10.1371%2fjournal.pone.0251737&partnerID=40&md5=835214d309be3ecbc799c2eb136aaa0b,None,1,MatLab,0,,GitHub,,,,,https://github.com/NicolasStapelberg/DESSABNeT,0,0,GPL-3,1,0,1,1,0,1,Matlab 2019 or above,,1,0,No mention of if code will run in Octave
CODE,CQDG5G2T,journalArticle,2022,"Tyler, JMB; Murch, BJ; Vasilakis, C; Wood, RM",Improving uptake of simulation in healthcare: User-driven development of an open-source tool for modelling patient flow,JOURNAL OF SIMULATION,10.1080/17477778.2022.2081521,,None,0,R,1,,Github,,,,,github.com/nhs-bnssg-analytics/PathSimR,0,0,None,1,1,0,1,0,0,,0,1,0,
CODE,KA2HH9WB,conferencePaper,2022,"Anagnostou, A.; Groen, D.; Taylor, S.J.E.; Suleimenova, D.; Abubakar, N.; Saha, A.; Mintram, K.; Ghorbani, M.; Daroge, H.; Islam, T.; Xue, Y.; Okine, E.; Anokye, N.",FACS-CHARM: A Hybrid Agent-Based and Discrete-Event Simulation Approach for Covid-19 Management at Regional Level,Proceedings - Winter Simulation Conference,10.1109/WSC57314.2022.10015462,https://www.scopus.com/inward/record.uri?eid=2-s2.0-85147415899&doi=10.1109%2fWSC57314.2022.10015462&partnerID=40&md5=ef14003365b959de5f35d9e1ebfaaaf3,STRESS,1,SimPy,1,,GitLab,,,,,https://gitlab.com/anabrunel/charm,1,0,BSD-3,1,1,0,1,1,1,pip reqs + Dockerfile,0,1,1,Good examplar project
VIM,6CYNDDIL,journalArticle,2021,"Saidani, M.; Kim, H.",A Discrete Event Simulation-Based Model to Optimally Design and Dimension Mobile COVID-19 Saliva-Based Testing Stations,Simulation in healthcare : journal of the Society for Simulation in Healthcare,10.1097/SIH.0000000000000565,https://www.scopus.com/inward/record.uri?eid=2-s2.0-85103682064&doi=10.1097%2fSIH.0000000000000565&partnerID=40&md5=63fdcafaae2c0ded012a4ae78e0d4ed7,None,1,AnyLogic,0,,,File,,,,,0,0,None,0,N/A,N/A,0,0,0,Version of anylogic not provided,N/A,1,0,
VIM,PVES49PL,journalArticle,2021,"Melman, G.J.; Parlikad, A.K.; Cameron, E.A.B.",Balancing scarce hospital resources during the COVID-19 pandemic using discrete-event simulation,Health Care Management Science,10.1007/s10729-021-09548-2,https://www.scopus.com/inward/record.uri?eid=2-s2.0-85104146869&doi=10.1007%2fs10729-021-09548-2&partnerID=40&md5=48faff0b9cf51133a03d7f43f0928dd1,None,1,Arena,0,Research Square;,,,,,,,0,1,CC-BY 4.0,0,N/A,N/A,0,0,1,Arena v16,N/A,1,0,Healthcare mgyt science hid the supp files!  Had to find a preprint https://www.researchsquare.com/article/rs-94739/v1 
VIM,8RNMY55H,journalArticle,2021,"Saidani, M.; Kim, H.; Kim, J.",Designing optimal COVID-19 testing stations locally: A discrete event simulation model applied on a university campus,PLoS ONE,10.1371/journal.pone.0253869,https://www.scopus.com/inward/record.uri?eid=2-s2.0-85108945686&doi=10.1371%2fjournal.pone.0253869&partnerID=40&md5=88d1d00192e1a4511cbd906b2ff32d0e,STRESS,1,AnyLogic,0,,,File,,,,,1,1,CC-BY 4.0,0,N/A,N/A,0,0,0,Version of Anylogic is not stated.,N/A,1,0,
VIM,2GBCEFKC,journalArticle,2022,"van de Ven, M.; IJzerman, M.; Retèl, V.; van Harten, W.; Koffijberg, H.",Developing a dynamic simulation model to support the nationwide implementation of whole genome sequencing in lung cancer,BMC Medical Research Methodology,10.1186/s12874-022-01571-3,https://www.scopus.com/inward/record.uri?eid=2-s2.0-85127279549&doi=10.1186%2fs12874-022-01571-3&partnerID=40&md5=6ceaa9fe26aae1be9ebbbd80e013959a,None,0,AnyLogic,0,,,,,AnyLogic Cloud,,,0,0,None,1,N/A,0,0,0,0,,N/A,0,1,https://cloud.anylogic.com/model/6f5c67f2-1423-422a-be35-63f0f664cc77?mode=SETTINGS
VIM,9TTJLBSK,journalArticle,2021,"Asgary, A.; Valtchev, S.Z.; Chen, M.; Najafabadi, M.M.; Wu, J.",Artificial intelligence model of drive-through vaccination simulation,International Journal of Environmental Research and Public Health,10.3390/ijerph18010268,https://www.scopus.com/inward/record.uri?eid=2-s2.0-85099046576&doi=10.3390%2fijerph18010268&partnerID=40&md5=b99165bfee20ecea27a270556cdd7828,None,1,AnyLogic,0,,,,,AnyLogic Cloud,,,0,0,None,1,N/A,1,0,0,1,Anylogic 8.3,N/A,1,1,"https://cloud.anylogic.com/model/583c2075-6a8b-41be-8a03-d692eba71683  The authors state the license is a ""Creative Common"".  But this is not an actual license type. Assume they mean CC-BY, No link provided top details."
VIM,DN7ZZFFH,journalArticle,2022,"Zhong, X.; Babaie Sarijaloo, F.; Prakash, A.; Park, J.; Huang, C.; Barwise, A.; Herasevich, V.; Gajic, O.; Pickering, B.; Dong, Y.",A multidisciplinary approach to the development of digital twin models of critical care delivery in intensive care units,International Journal of Production Research,10.1080/00207543.2021.2022235,https://www.scopus.com/inward/record.uri?eid=2-s2.0-85125098248&doi=10.1080%2f00207543.2021.2022235&partnerID=40&md5=4698acd81d9665ab3a3e67ac9bc16763,None,0,AnyLogic,0,,,,,AnyLogic Cloud,,,0,0,None,0,N/A,0,0,0,1,Anylogic 8.7.4,N/A,0,1,https://cloud.anylogic.com/model/9d14d19b-1b46-43f5-9073-52541ac64594?mode=SETTINGS.
VIM,WDZGY7RW,journalArticle,2020,"Gabriel, G.T.; Campos, A.T.; Magacho, A.L.; Segismondi, L.C.; Vilela, F.F.; de Queiroz, J.A.; Montevechi, J.A.B.",Lean thinking by integrating with discrete event simulation and design of experiments: An emergency department expansion,PeerJ Computer Science,10.7717/PEERJ-CS.284,https://www.scopus.com/inward/record.uri?eid=2-s2.0-85090053700&doi=10.7717%2fPEERJ-CS.284&partnerID=40&md5=764d439597549f2e399e265f70fe3f6f,None,0,FlexSim,0,,,File,,,,,0,0,CC-BY 4.0,1,N/A,N/A,1,0,1,FlexSim HC 5.3.10,N/A,1,0,"The analysis of DoE, the FlexSim Healthcare software code and instructions to open the code are available in Supplemental Files - need FlexSim to open"
VIM,U7TF22JS,journalArticle,2020,"Viana, J.; Simonsen, T.B.; Faraas, H.E.; Schmidt, N.; Dahl, F.A.; Flo, K.",Capacity and patient flow planning in post-term pregnancy outpatient clinics: A computer simulation modelling study,BMC Health Services Research,10.1186/s12913-020-4943-y,https://www.scopus.com/inward/record.uri?eid=2-s2.0-85079361984&doi=10.1186%2fs12913-020-4943-y&partnerID=40&md5=9f85ef1eccf60e09902799e5e5fb4b07,STRESS,0,Anylogic,0,Mendeley,,,,,,,1,0,CC-BY 4.0,1,N/A,0,1,0,1,"Three versions of the model available for Linux, Mac, Windows.  Anylogic 8.3.3. required.",N/A,1,0,https://data.mendeley.com/datasets/4jc5hz4mp3/1 This is a good example of excellent documentation for a model built in commerical software. It has a DOI. 
VIM,RVLHFI66,journalArticle,2020,"Penn, M.L.; Monks, T.; Kazmierska, A.A.; Alkoheji, M.R.A.R.",Towards generic modelling of hospital wards: Reuse and redevelopment of simple models,Journal of Simulation,10.1080/17477778.2019.1664264,https://www.scopus.com/inward/record.uri?eid=2-s2.0-85074020357&doi=10.1080%2f17477778.2019.1664264&partnerID=40&md5=86dd1bf93040003973cc02754fd381de,STRESS,0,Simul8,0,Zenodo,,,,,,,1,1,CC-BY 4.0,1,N/A,0,1,0,1,Simul8 2018,N/A,1,0,https://zenodo.org/record/1468288#.Y7VZfafP0UE
VIM,W9CZPUV5,journalArticle,2020,"Lee, X.J.; Elliott, T.M.; Harris, P.N.A.; Douglas, J.; Henderson, B.; Watson, C.; Paterson, D.L.; Schofield, D.S.; Graves, N.; Gordon, L.G.",Clinical and Economic Outcomes of Genome Sequencing Availability on Containing a Hospital Outbreak of Resistant Escherichia coli in Australia,Value in Health,10.1016/j.jval.2020.03.006,https://www.scopus.com/inward/record.uri?eid=2-s2.0-85087875445&doi=10.1016%2fj.jval.2020.03.006&partnerID=40&md5=3f4dbd54b04601d1b7fe10f8e1ce7a66,None,0,Anylogic,0,,,,,Anylogic Cloud,,,0,0,None,1,N/A,0,0,0,1,Anylogic 8.3.3,N/A,0,1,https://cloud.anylogic.com/model/6fe44e5b-6276-44fd-95c8-ba93b3975262?mode=SETTINGS&tab=GENERAL
VIM,6PM698VX,journalArticle,2020,"Elliott, Thomas M.; Lee, Xing J.; Foeglein, Anna; Harris, Patrick N.; Gordon, Louisa G.",A hybrid simulation model approach to examine bacterial genome sequencing during a hospital outbreak.,BMC infectious diseases,10.1186/s12879-019-4743-3,,ODD,0,Anylogic,0,,,,,Anylogic Cloud,,,0,0,None,0,N/A,0,0,0,0,,N/A,0,1,https://cloud.anylogic.com/model/6fe44e5b-6276-44fd-95c8-ba93b3975262?mode=SETTINGS
VIM,K25VSP5M,journalArticle,2022,"Gutić, Medo; Milosavljević, Miloš N.; Janković, Slobodan M.",Cost-effectiveness of miglustat versus symptomatic therapy of Niemann-Pick disease type C.,International journal of clinical pharmacy,10.1007/s11096-022-01491-8,,None,0,Excel,0,,,,Google Drive,,,,0,0,None,0,N/A,0,0,0,1,Excel 2019,N/A,1,0,
VIM,LP2UMMYN,journalArticle,2022,"Blake, John T.; O'Brien, Sheila F.; Goldman, Mindy",The impact of donor ferritin testing on blood availability in Canada.,Vox sanguinis,10.1111/vox.13126,,None,0,Excel,0,,,File,,,,,0,0,None,0,N/A,N/A,0,0,0,,N/A,1,0,https://onlinelibrary.wiley.com/doi/full/10.1111/vox.13126 see suppl material
VIM,GB2RY6NY,journalArticle,2022,"Angelopoulou, A; Mykoniatis, K",Hybrid modelling and simulation of the effect of vaccination on the COVID-19 transmission,JOURNAL OF SIMULATION,10.1080/17477778.2022.2062260,,STRESS,1,Anylogic,0,,,,,Anylogic Cloud,,,0,,CC BY-NC 4.0,1,N/A,0,0,0,0,Anylogic 8.7.3,N/A,0,1,https://cloud.anylogic.com/model/cce98b37-3025-4ecb-87f9-cedd175f8a7e?mode=SETTINGS&tab=GENERAL
VIM,R24LKWFW,journalArticle,,"Teymourifar, A",Simulation-based optimization for resectorization in healthcare systems,JOURNAL OF SIMULATION,10.1080/17477778.2022.2152395,,None,0,Arena,0,,GitHub,,,,,https://github.com/aydinteymurifar/Resectorization-Simulation-Files,0,0,None,0,N/A,0,0,0,0,,N/A,1,0,Does not state which version of ARENA in repo